task,method,n,l1_mean,l1_std,l2_mean,l2_std,l1_reduction_vs_baseline_percent,l2_reduction_vs_baseline_percent
reaction,baseline,5,0.2173506,0.3800372092754077,0.23392359999999998,0.3710403304842211,0.0,0.0
reaction,ours,5,0.0029782,0.0006529335035055255,0.0074316,0.00216113124080885,98.62977143840413,96.82306530850244
wave,baseline,5,0.0603348,0.060529906665713604,0.06296700000000001,0.06516413631131775,0.0,0.0
wave,ours,5,0.0119158,0.0014646841843892493,0.012182799999999999,0.0016828620145454586,80.2505353461021,80.65208760144202
convection,baseline,5,0.6194868,0.05227289671483684,0.6998394,0.04886893534178946,0.0,0.0
convection,ours,5,1.0159626,0.021507274068091504,1.0390292,0.040077083508658684,-64.00068572889688,-48.46680538420674
