task,metric,n,baseline_mean,baseline_std,ours_mean,ours_std,delta_mean_ours_minus_baseline,ci95_low,ci95_high,p_value_two_sided_paired_randomization
reaction,L1,11,0.20440645454545456,0.3639194072984151,0.0033126363636363635,0.0007247650745056226,-0.20109381818181818,-0.45732209090909093,-0.027848545454545456,0.0009765625
reaction,L2,11,0.2239448181818182,0.3540146162048881,0.008479727272727272,0.0022003832761551953,-0.2154650909090909,-0.4629169090909091,-0.04642709090909091,0.0009765625
wave,L1,5,0.0603348,0.060529906665713604,0.0119158,0.0014646841843892493,-0.048419,-0.1089072,-0.0127428,0.0625
wave,L2,5,0.06296700000000001,0.06516413631131775,0.012182799999999999,0.0016828620145454586,-0.0507842,-0.11567440000000001,-0.0128606,0.0625
convection,L1,5,0.6194868,0.05227289671483684,1.0159626,0.021507274068091504,0.3964758,0.33596,0.4578996,0.0625
convection,L2,5,0.6998394,0.04886893534178946,1.0390292,0.040077083508658684,0.33918980000000004,0.2719848,0.41846440000000007,0.0625
